[
  {
    "bank": "Al Bank Al Saudi Al Fransi",
    "bin": 588845,
    "pan_length": 18,
    "card_brand": "mada / Mastercard co-branded",
    "is_old": "Yes"
  },
  {
    "bank": "Al Bank Al Saudi Al Fransi",
    "bin": 440647,
    "pan_length": 16,
    "card_brand": "mada / Visa co-branded",
    "is_old": "Yes"
  },
  {
    "bank": "Al Bank Al Saudi Al Fransi",
    "bin": 440795,
    "pan_length": 16,
    "card_brand": "mada / Visa co-branded",
    "is_old": "Yes"
  },
  {
    "bank": "Al Bank Al Saudi Al Fransi",
    "bin": 446404,
    "pan_length": 16,
    "card_brand": "mada / Visa co-branded",
    "is_old": "Yes"
  },
  {
    "bank": "Al Bank Al Saudi Al Fransi",
    "bin": 457865,
    "pan_length": 16,
    "card_brand": "mada / Visa co-branded",
    "is_old": "Yes"
  },
  {
    "bank": "Al Bank Al Saudi Al Fransi",
    "bin": 968208,
    "pan_length": 16,
    "card_brand": "mada",
    "is_old": "Yes"
  },
  {
    "bank": "Al Bank Al Awwal",
    "bin": 588846,
    "pan_length": 18,
    "card_brand": "mada / Mastercard co-branded",
    "is_old": "Yes"
  },
  {
    "bank": "Al Bank Al Awwal",
    "bin": 539931,
    "pan_length": 16,
    "card_brand": "mada / Mastercard co-branded",
    "is_old": "Yes"
  },
  {
    "bank": "Al Bank Al Awwal",
    "bin": 558848,
    "pan_length": 16,
    "card_brand": "mada / Mastercard co-branded",
    "is_old": "Yes"
  },
  {
    "bank": "Al Bank Al Awwal",
    "bin": 557606,
    "pan_length": 16,
    "card_brand": "mada / Mastercard co-branded",
    "is_old": "Yes"
  },
  {
    "bank": "Al Bank Al Awwal",
    "bin": 968210,
    "pan_length": 16,
    "card_brand": "mada",
    "is_old": "Yes"
  },
  {
    "bank": "Al Bilad Bank",
    "bin": 636120,
    "pan_length": 16,
    "card_brand": "mada / Mastercard co-branded",
    "is_old": "Yes"
  },
  {
    "bank": "Al Bilad Bank",
    "bin": 417633,
    "pan_length": 16,
    "card_brand": "mada / Visa co-branded",
    "is_old": "Yes"
  },
  {
    "bank": "Al Bilad Bank",
    "bin": 468540,
    "pan_length": 16,
    "card_brand": "mada / Visa co-branded",
    "is_old": "Yes"
  },
  {
    "bank": "Al Bilad Bank",
    "bin": 468541,
    "pan_length": 16,
    "card_brand": "mada / Visa co-branded",
    "is_old": "Yes"
  },
  {
    "bank": "Al Bilad Bank",
    "bin": 468542,
    "pan_length": 16,
    "card_brand": "mada / Visa co-branded",
    "is_old": "Yes"
  },
  {
    "bank": "Al Bilad Bank",
    "bin": 468543,
    "pan_length": 16,
    "card_brand": "mada / Visa co-branded",
    "is_old": "Yes"
  },
  {
    "bank": "Al Bilad Bank",
    "bin": 968201,
    "pan_length": 16,
    "card_brand": "mada",
    "is_old": "Yes"
  },
  {
    "bank": "Al Bilad Bank",
    "bin": 446393,
    "pan_length": 16,
    "card_brand": "mada / Visa co-branded",
    "is_old": "Yes"
  },
  {
    "bank": "Al Rajhi Banking & Inv. Corp.",
    "bin": 588847,
    "pan_length": 19,
    "card_brand": "mada / Mastercard co-branded",
    "is_old": "Yes"
  },
  {
    "bank": "Al Rajhi Banking & Inv. Corp.",
    "bin": 400861,
    "pan_length": 16,
    "card_brand": "mada / Visa co-branded",
    "is_old": "Yes"
  },
  {
    "bank": "Al Rajhi Banking & Inv. Corp.",
    "bin": 409201,
    "pan_length": 16,
    "card_brand": "mada / Visa co-branded",
    "is_old": "Yes"
  },
  {
    "bank": "Al Rajhi Banking & Inv. Corp.",
    "bin": 458456,
    "pan_length": 16,
    "card_brand": "mada / Visa co-branded",
    "is_old": "Yes"
  },
  {
    "bank": "Al Rajhi Banking & Inv. Corp.",
    "bin": 484783,
    "pan_length": 16,
    "card_brand": "mada / Visa co-branded",
    "is_old": "Yes"
  },
  {
    "bank": "Al Rajhi Banking & Inv. Corp.",
    "bin": 968205,
    "pan_length": 19,
    "card_brand": "mada",
    "is_old": "Yes"
  },
  {
    "bank": "Al Rajhi Banking & Inv. Corp.",
    "bin": 462220,
    "pan_length": 16,
    "card_brand": "mada / Visa co-branded",
    "is_old": "Yes"
  },
  {
    "bank": "Arab National Bank",
    "bin": 588848,
    "pan_length": 19,
    "card_brand": "mada / Mastercard co-branded",
    "is_old": "Yes"
  },
  {
    "bank": "Arab National Bank",
    "bin": 455036,
    "pan_length": 16,
    "card_brand": "mada / Visa co-branded",
    "is_old": "Yes"
  },
  {
    "bank": "Arab National Bank",
    "bin": 968203,
    "pan_length": 19,
    "card_brand": "mada",
    "is_old": "Yes"
  },
  {
    "bank": "Arab National Bank",
    "bin": 486094,
    "pan_length": 16,
    "card_brand": "mada / Visa co-branded",
    "is_old": "Yes"
  },
  {
    "bank": "Arab National Bank",
    "bin": 486095,
    "pan_length": 16,
    "card_brand": "mada / Visa co-branded",
    "is_old": "Yes"
  },
  {
    "bank": "Arab National Bank",
    "bin": 486096,
    "pan_length": 16,
    "card_brand": "mada / Visa co-branded",
    "is_old": "Yes"
  },
  {
    "bank": "Bank Al-Jazira",
    "bin": 504300,
    "pan_length": 16,
    "card_brand": "mada / Mastercard co-branded",
    "is_old": "Yes"
  },
  {
    "bank": "Bank Al-Jazira",
    "bin": 440533,
    "pan_length": 16,
    "card_brand": "mada / Visa co-branded",
    "is_old": "Yes"
  },
  {
    "bank": "Bank Al-Jazira",
    "bin": 489318,
    "pan_length": 16,
    "card_brand": "mada / Visa co-branded",
    "is_old": "Yes"
  },
  {
    "bank": "Bank Al-Jazira",
    "bin": 489319,
    "pan_length": 16,
    "card_brand": "mada / Visa co-branded",
    "is_old": "Yes"
  },
  {
    "bank": "Bank Al-Jazira",
    "bin": 445564,
    "pan_length": 16,
    "card_brand": "mada / Visa co-branded",
    "is_old": "Yes"
  },
  {
    "bank": "Bank Al-Jazira",
    "bin": 968211,
    "pan_length": 16,
    "card_brand": "mada",
    "is_old": "Yes"
  },
  {
    "bank": "Emirates Bank International",
    "bin": 410685,
    "pan_length": 16,
    "card_brand": "mada / Visa co-branded",
    "is_old": "Yes"
  },
  {
    "bank": "Alinma Bank",
    "bin": 432328,
    "pan_length": 16,
    "card_brand": "mada / Visa co-branded",
    "is_old": "Yes"
  },
  {
    "bank": "Alinma Bank",
    "bin": 428671,
    "pan_length": 16,
    "card_brand": "mada / Visa co-branded",
    "is_old": "Yes"
  },
  {
    "bank": "Alinma Bank",
    "bin": 428672,
    "pan_length": 16,
    "card_brand": "mada / Visa co-branded",
    "is_old": "Yes"
  },
  {
    "bank": "Alinma Bank",
    "bin": 428673,
    "pan_length": 16,
    "card_brand": "mada / Visa co-branded",
    "is_old": "Yes"
  },
  {
    "bank": "Alinma Bank",
    "bin": 968206,
    "pan_length": 16,
    "card_brand": "mada",
    "is_old": "Yes"
  },
  {
    "bank": "Alinma Bank",
    "bin": 446672,
    "pan_length": 16,
    "card_brand": "mada / Visa co-branded",
    "is_old": "Yes"
  },
  {
    "bank": "Alinma Bank",
    "bin": 543357,
    "pan_length": 16,
    "card_brand": "mada / Mastercard co-branded",
    "is_old": "Yes"
  },
  {
    "bank": "National Bank of Kuwait",
    "bin": 431361,
    "pan_length": 16,
    "card_brand": "mada / Visa co-branded",
    "is_old": "Yes"
  },
  {
    "bank": "National Bank Of Bahrain",
    "bin": 604906,
    "pan_length": 16,
    "card_brand": "mada / Mastercard co-branded",
    "is_old": "Yes"
  },
  {
    "bank": "National Bank Of Bahrain",
    "bin": 521076,
    "pan_length": 16,
    "card_brand": "mada / Mastercard co-branded",
    "is_old": "Yes"
  },
  {
    "bank": "National Commercial Bank",
    "bin": 588850,
    "pan_length": 19,
    "card_brand": "mada / Mastercard co-branded",
    "is_old": "Yes"
  },
  {
    "bank": "National Commercial Bank",
    "bin": 968202,
    "pan_length": 19,
    "card_brand": "mada",
    "is_old": "Yes"
  },
  {
    "bank": "National Commercial Bank",
    "bin": 529415,
    "pan_length": 16,
    "card_brand": "mada / Mastercard co-branded",
    "is_old": "Yes"
  },
  {
    "bank": "National Commercial Bank",
    "bin": 535825,
    "pan_length": 16,
    "card_brand": "mada / Mastercard co-branded",
    "is_old": "Yes"
  },
  {
    "bank": "National Commercial Bank",
    "bin": 543085,
    "pan_length": 16,
    "card_brand": "mada / Mastercard co-branded",
    "is_old": "Yes"
  },
  {
    "bank": "National Commercial Bank",
    "bin": 524130,
    "pan_length": 16,
    "card_brand": "mada / Mastercard co-branded",
    "is_old": "Yes"
  },
  {
    "bank": "National Commercial Bank",
    "bin": 554180,
    "pan_length": 16,
    "card_brand": "mada / Mastercard co-branded",
    "is_old": "Yes"
  },
  {
    "bank": "National Commercial Bank",
    "bin": 549760,
    "pan_length": 16,
    "card_brand": "mada / Mastercard co-branded",
    "is_old": "Yes"
  },
  {
    "bank": "Riyad Bank",
    "bin": 588849,
    "pan_length": 18,
    "card_brand": "mada / Mastercard co-branded",
    "is_old": "Yes"
  },
  {
    "bank": "Riyad Bank",
    "bin": 968209,
    "pan_length": 16,
    "card_brand": "mada",
    "is_old": "Yes"
  },
  {
    "bank": "Riyad Bank",
    "bin": 524514,
    "pan_length": 16,
    "card_brand": "mada / Mastercard co-branded",
    "is_old": "Yes"
  },
  {
    "bank": "Riyad Bank",
    "bin": 529741,
    "pan_length": 16,
    "card_brand": "mada / Mastercard co-branded",
    "is_old": "Yes"
  },
  {
    "bank": "Riyad Bank",
    "bin": 537767,
    "pan_length": 16,
    "card_brand": "mada / Mastercard co-branded",
    "is_old": "Yes"
  },
  {
    "bank": "Riyad Bank",
    "bin": 535989,
    "pan_length": 16,
    "card_brand": "mada / Mastercard co-branded",
    "is_old": "Yes"
  },
  {
    "bank": "Riyad Bank",
    "bin": 536023,
    "pan_length": 16,
    "card_brand": "mada / Mastercard co-branded",
    "is_old": "Yes"
  },
  {
    "bank": "Riyad Bank",
    "bin": 513213,
    "pan_length": 16,
    "card_brand": "mada / Mastercard co-branded",
    "is_old": "Yes"
  },
  {
    "bank": "Saudi American Bank",
    "bin": 585265,
    "pan_length": 18,
    "card_brand": "mada / Mastercard co-branded",
    "is_old": "Yes"
  },
  {
    "bank": "Saudi American Bank",
    "bin": 588983,
    "pan_length": 18,
    "card_brand": "mada / Mastercard co-branded",
    "is_old": "Yes"
  },
  {
    "bank": "Saudi American Bank",
    "bin": 588982,
    "pan_length": 16,
    "card_brand": "mada / Mastercard co-branded",
    "is_old": "Yes"
  },
  {
    "bank": "Saudi American Bank",
    "bin": 589005,
    "pan_length": 16,
    "card_brand": "mada / Mastercard co-branded",
    "is_old": "Yes"
  },
  {
    "bank": "Saudi American Bank",
    "bin": 508160,
    "pan_length": 16,
    "card_brand": "mada / Mastercard co-branded",
    "is_old": "Yes"
  },
  {
    "bank": "Saudi American Bank",
    "bin": 531095,
    "pan_length": 16,
    "card_brand": "mada / Mastercard co-branded",
    "is_old": "Yes"
  },
  {
    "bank": "Saudi American Bank",
    "bin": 530906,
    "pan_length": 16,
    "card_brand": "mada / Mastercard co-branded",
    "is_old": "Yes"
  },
  {
    "bank": "Saudi American Bank",
    "bin": 532013,
    "pan_length": 16,
    "card_brand": "mada / Mastercard co-branded",
    "is_old": "Yes"
  },
  {
    "bank": "Saudi British Bank",
    "bin": 588851,
    "pan_length": "17 / 19",
    "card_brand": "mada / Mastercard co-branded",
    "is_old": "Yes"
  },
  {
    "bank": "Saudi British Bank",
    "bin": 605141,
    "pan_length": 19,
    "card_brand": "mada / Mastercard co-branded",
    "is_old": "Yes"
  },
  {
    "bank": "Saudi British Bank",
    "bin": 968204,
    "pan_length": 16,
    "card_brand": "mada",
    "is_old": "Yes"
  },
  {
    "bank": "Saudi British Bank",
    "bin": 422817,
    "pan_length": 16,
    "card_brand": "mada / Visa co-branded",
    "is_old": "Yes"
  },
  {
    "bank": "Saudi British Bank",
    "bin": 422818,
    "pan_length": 16,
    "card_brand": "mada / Visa co-branded",
    "is_old": "Yes"
  },
  {
    "bank": "Saudi British Bank",
    "bin": 422819,
    "pan_length": 16,
    "card_brand": "mada / Visa co-branded",
    "is_old": "Yes"
  },
  {
    "bank": "Saudi British Bank",
    "bin": 428331,
    "pan_length": 16,
    "card_brand": "mada / Visa co-branded",
    "is_old": "Yes"
  },
  {
    "bank": "Saudi Investment Bank",
    "bin": 483010,
    "pan_length": 16,
    "card_brand": "mada / Visa co-branded",
    "is_old": "Yes"
  },
  {
    "bank": "Saudi Investment Bank",
    "bin": 483011,
    "pan_length": 16,
    "card_brand": "mada / Visa co-branded",
    "is_old": "Yes"
  },
  {
    "bank": "Saudi Investment Bank",
    "bin": 483012,
    "pan_length": 16,
    "card_brand": "mada / Visa co-branded",
    "is_old": "Yes"
  },
  {
    "bank": "Saudi Investment Bank",
    "bin": 589206,
    "pan_length": 16,
    "card_brand": "mada / Mastercard co-branded",
    "is_old": "Yes"
  },
  {
    "bank": "Saudi Investment Bank",
    "bin": 968207,
    "pan_length": 16,
    "card_brand": "mada",
    "is_old": "Yes"
  },
  {
    "bank": "Gulf International Bank",
    "bin": 419593,
    "pan_length": 16,
    "card_brand": "mada / Visa co-branded",
    "is_old": "Yes"
  },
  {
    "bank": "Gulf International Bank",
    "bin": 439954,
    "pan_length": 16,
    "card_brand": "mada / Visa co-branded",
    "is_old": "Yes"
  }
]