[
   [
      {
         "name":"CHECKOUTCOM_CARD_TITLE",
         "label":"Payment Option Title",
         "description":"",
         "type":"text",
         "icon":"",
         "default":"Pay by Card with Checkout.com",
         "required":1
      },
      {
         "name":"CHECKOUTCOM_CARD_ENABLED",
         "label":"Enable Card Payments",
         "description":"",
         "type":"bswitch",
         "default":1,
         "required":0,
         "options":[
            {
               "id":"id_option",
               "value":1,
               "label":"Enabled"
            },
            {
               "id":"id_option",
               "value":0,
               "label":"Disabled"
            }
         ]
      },
      {
         "name": "CHECKOUTCOM_CARD_IFRAME_STYLE",
         "label": "Iframe Style",
         "description": "test",
         "type": "select",
         "default": 0,
         "required": 0,
         "options": [
           {
             "id": "id_option",
             "value": "singleIframe",
             "label": "Single Iframe"
           },
           {
             "id": "id_option",
             "value": "multiIframe",
             "label": "Multiple Iframe"
           }
         ]
      },
      {
         "name":"CHECKOUTCOM_CARD_LANG_FALLBACK",
         "label":"Language Fallback",
         "description":"Select the language to use by default if the one used by the shopper is not supported by the integration.",
         "type":"select",
         "default":"EN-GB",
         "required":0,
         "options":[
            {
               "id":"id_option",
               "value":"EN-GB",
               "label":"English"
            },
            {
               "id":"id_option",
               "value":"ES-ES",
               "label":"Spanish"
            },
            {
               "id":"id_option",
               "value":"DE-DE",
               "label":"German"
            },
            {
               "id":"id_option",
               "value":"KR-KR",
               "label":"Korean"
            },
            {
               "id":"id_option",
               "value":"FR-FR",
               "label":"French"
            },
            {
               "id":"id_option",
               "value":"IT-IT",
               "label":"Italian"
            },
            {
               "id":"id_option",
               "value":"NL-NL",
               "label":"Dutch"
            }
         ]
      },
      {
         "name":"CHECKOUTCOM_CARD_USE_3DS",
         "label":"Use 3D Secure",
         "description":"",
         "type":"bswitch",
         "default":0,
         "required":0,
         "options":[
            {
               "id":"id_option",
               "value":1,
               "label":"Yes"
            },
            {
               "id":"id_option",
               "value":0,
               "label":"No"
            }
         ]
      },
      {
         "name":"CHECKOUTCOM_CARD_USE_3DS_ATTEMPT_N3D",
         "label":"Attempt non-3D Secure",
         "description":"",
         "type":"bswitch",
         "default":0,
         "required":0,
         "options":[
            {
               "id":"id_option",
               "value":1,
               "label":"Yes"
            },
            {
               "id":"id_option",
               "value":0,
               "label":"No"
            }
         ]
      },
      {
         "name":"CHECKOUTCOM_CARD_SAVE_CARD_OPTION",
         "label":"Save Card Option",
         "description":"Display an option (checkbox) to save a new card on the payment page.",
         "type":"bswitch",
         "default":1,
         "required":0,
         "options":[
            {
               "id":"id_option",
               "value":1,
               "label":"Yes"
            },
            {
               "id":"id_option",
               "value":0,
               "label":"No"
            }
         ]
      },
      {
         "name":"CHECKOUTCOM_CARD_MADA_CHECK_ENABLED",
         "label":"Enable MADA BIN Check",
         "description":"Add a flag to the charge request if the payment card is MADA.",
         "type":"bswitch",
         "default":0,
         "required":0,
         "options":[
            {
               "id":"id_option",
               "value":1,
               "label":"Yes"
            },
            {
               "id":"id_option",
               "value":0,
               "label":"No"
            }
         ]
      }
   ]
]