[
  {
    "bank": "CKO Test Cards",
    "bin": 424242,
    "pan_length": 16,
    "card_brand": "Visa  Credit Card",
    "is_old": "Yes"
  },
  {
    "bank": "CKO Test Cards",
    "bin": 249996,
    "pan_length": 16,
    "card_brand": "Visa  Credit Card",
    "is_old": "Yes"
  },
  {
    "bank": "CKO Test Cards",
    "bin": 606378,
    "pan_length": 16,
    "card_brand": "Mastercard Credit Card",
    "is_old": "Yes"
  },
  {
    "bank": "CKO Test Cards",
    "bin": 479399,
    "pan_length": 16,
    "card_brand": "Mastercard Credit Card",
    "is_old": "Yes"
  },
  {
    "bank": "CKO Test Cards",
    "bin": 641465,
    "pan_length": 16,
    "card_brand": "Mastercard Credit Card",
    "is_old": "Yes"
  },
  {
    "bank": "CKO Test Cards",
    "bin": 234564,
    "pan_length": 15,
    "card_brand": "AMEX Credit Card",
    "is_old": "Yes"
  },
  {
    "bank": "CKO Test Cards",
    "bin": 310005,
    "pan_length": 15,
    "card_brand": "AMEX Credit Card",
    "is_old": "Yes"
  },
  {
    "bank": "CKO Test Cards",
    "bin": 789019,
    "pan_length": 14,
    "card_brand": "DinersClub Credit Card",
    "is_old": "Yes"
  },
  {
    "bank": "CKO Test Cards",
    "bin": 111117,
    "pan_length": 16,
    "card_brand": "Discover Credit Card",
    "is_old": "Yes"
  },
  {
    "bank": "CKO Test Cards",
    "bin": 300000,
    "pan_length": 16,
    "card_brand": "JCB Credit Card",
    "is_old": "Yes"
  },
  {
    "bank": "CKO Test Cards",
    "bin": "000001",
    "pan_length": 16,
    "card_brand": "Visa Debit Card",
    "is_old": "Yes"
  },
  {
    "bank": "CKO Test Cards",
    "bin": 346654,
    "pan_length": 16,
    "card_brand": "Mastercard Debit Card",
    "is_old": "Yes"
  },
  {
    "bank": "CKO Test Cards",
    "bin": "035519",
    "pan_length": 16,
    "card_brand": "Visa Commercial Card",
    "is_old": "Yes"
  },
  {
    "bank": "CKO Test Cards",
    "bin": "003404",
    "pan_length": 16,
    "card_brand": "Mastercard Commercial Card",
    "is_old": "Yes"
  }
]