[
   [
      {
         "name":"CHECKOUTCOM_ALTERNATIVE_GIROPAY",
         "key": "giropay",
         "title": "Giropay",
         "currencies": ["EUR"],
         "label":"Enable Giropay",
         "class":"CheckoutCom\\PrestaShop\\Models\\Payments\\Alternatives\\Giropay",
         "description":"",
         "type":"switch",
         "default":0,
         "required":0,
         "options":[
            {
               "id":"id_option",
               "value":1,
               "label":"Enabled"
            },
            {
               "id":"id_option",
               "value":0,
               "label":"Disabled"
            }
         ]
      },
      {
         "name":"CHECKOUTCOM_ALTERNATIVE_IDEAL",
         "key": "ideal",
         "title": "iDEAL",
         "label":"Enable iDEAL",
         "currencies": ["EUR"],
         "class":"CheckoutCom\\PrestaShop\\Models\\Payments\\Alternatives\\Ideal",
         "description":"",
         "type":"switch",
         "default":0,
         "required":0,
         "options":[
            {
               "id":"id_option",
               "value":1,
               "label":"Enabled"
            },
            {
               "id":"id_option",
               "value":0,
               "label":"Disabled"
            }
         ]
      },
      {
         "name":"CHECKOUTCOM_ALTERNATIVE_POLI",
         "key": "poli",
         "title": "POLi",
         "label":"Enable POLi",
         "currencies": ["AUD", "NZD"],
         "class":"CheckoutCom\\PrestaShop\\Models\\Payments\\Alternatives\\Poli",
         "description":"",
         "type":"switch",
         "default":0,
         "required":0,
         "options":[
            {
               "id":"id_option",
               "value":1,
               "label":"Enabled"
            },
            {
               "id":"id_option",
               "value":0,
               "label":"Disabled"
            }
         ]
      },
      {
         "name":"CHECKOUTCOM_ALTERNATIVE_SEPA",
         "key": "sepa",
         "title": "SEPA",
         "label":"Enable SEPA",
         "currencies": ["EUR"],
         "class":"CheckoutCom\\PrestaShop\\Models\\Payments\\Alternatives\\Sepa",
         "description":"",
         "type":"switch",
         "default":0,
         "required":0,
         "options":[
            {
               "id":"id_option",
               "value":1,
               "label":"Enabled"
            },
            {
               "id":"id_option",
               "value":0,
               "label":"Disabled"
            }
         ]
      },
      {
         "name":"CHECKOUTCOM_ALTERNATIVE_SOFORT",
         "key": "sofort",
         "title": "Sofort",
         "currencies": ["EUR"],
         "class":"CheckoutCom\\PrestaShop\\Models\\Payments\\Alternatives\\Sofort",
         "label":"Enable Sofort",
         "description":"",
         "type":"switch",
         "default":0,
         "required":0,
         "options":[
            {
               "id":"id_option",
               "value":1,
               "label":"Enabled"
            },
            {
               "id":"id_option",
               "value":0,
               "label":"Disabled"
            }
         ]
      },
      {
         "name":"CHECKOUTCOM_ALTERNATIVE_KLARNA",
         "key": "klarna",
         "title": "Klarna",
         "label":"Enable Klarna",
         "currencies": ["EUR","DKK","GBP","NOK","SEK"],
         "class":"CheckoutCom\\PrestaShop\\Models\\Payments\\Alternatives\\Klarna",
         "description":"",
         "type":"switch",
         "default":0,
         "required":0,
         "options":[
            {
               "id":"id_option",
               "value":1,
               "label":"Enabled"
            },
            {
               "id":"id_option",
               "value":0,
               "label":"Disabled"
            }
         ]
      },
      {
         "name":"CHECKOUTCOM_ALTERNATIVE_EPS",
         "key": "eps",
         "title": "EPS",
         "label":"Enable EPS",
         "currencies": ["EUR"],
         "class":"CheckoutCom\\PrestaShop\\Models\\Payments\\Alternatives\\Eps",
         "description":"",
         "type":"switch",
         "default":0,
         "required":0,
         "options":[
            {
               "id":"id_option",
               "value":1,
               "label":"Enabled"
            },
            {
               "id":"id_option",
               "value":0,
               "label":"Disabled"
            }
         ]
      },
      {
         "name":"CHECKOUTCOM_ALTERNATIVE_FAWRY",
         "key": "fawry",
         "title": "Fawry",
         "label":"Enable Fawry",
         "currencies": ["EGP"],
         "class":"CheckoutCom\\PrestaShop\\Models\\Payments\\Alternatives\\Fawry",
         "description":"",
         "type":"switch",
         "default":0,
         "required":0,
         "options":[
            {
               "id":"id_option",
               "value":1,
               "label":"Enabled"
            },
            {
               "id":"id_option",
               "value":0,
               "label":"Disabled"
            }
         ]
      },
      {
         "name":"CHECKOUTCOM_ALTERNATIVE_BANCONTACT",
         "key": "bancontact",
         "title": "Bancontact",
         "label":"Enable Bancontact",
         "currencies": ["EUR"],
         "class":"CheckoutCom\\PrestaShop\\Models\\Payments\\Alternatives\\Bancontact",
         "description":"",
         "type":"switch",
         "default":0,
         "required":0,
         "options":[
            {
               "id":"id_option",
               "value":1,
               "label":"Enabled"
            },
            {
               "id":"id_option",
               "value":0,
               "label":"Disabled"
            }
         ]
      },
      {
         "name":"CHECKOUTCOM_ALTERNATIVE_KNET",
         "key": "knet",
         "title": "KNet",
         "label":"Enable KNet",
         "currencies": ["KWD"],
         "class":"CheckoutCom\\PrestaShop\\Models\\Payments\\Alternatives\\Knet",
         "description":"",
         "type":"switch",
         "default":0,
         "required":0,
         "options":[
            {
               "id":"id_option",
               "value":1,
               "label":"Enabled"
            },
            {
               "id":"id_option",
               "value":0,
               "label":"Disabled"
            }
         ]
      },
      {
         "name":"CHECKOUTCOM_ALTERNATIVE_ALIPAY",
         "key": "alipay",
         "title": "Alipay",
         "label":"Enable Alipay",
         "currencies": ["USD"],
         "class":"CheckoutCom\\PrestaShop\\Models\\Payments\\Alternatives\\Alipay",
         "description":"",
         "type":"switch",
         "default":0,
         "required":0,
         "options":[
            {
               "id":"id_option",
               "value":1,
               "label":"Enabled"
            },
            {
               "id":"id_option",
               "value":0,
               "label":"Disabled"
            }
         ]
      },
      {
         "name":"CHECKOUTCOM_ALTERNATIVE_BOLETO",
         "key": "boleto",
         "title": "Boleto",
         "label":"Enable Boleto",
         "currencies": ["USD", "BRL"],
         "class":"CheckoutCom\\PrestaShop\\Models\\Payments\\Alternatives\\Boleto",
         "description":"",
         "type":"switch",
         "default":0,
         "required":0,
         "options":[
            {
               "id":"id_option",
               "value":1,
               "label":"Enabled"
            },
            {
               "id":"id_option",
               "value":0,
               "label":"Disabled"
            }
         ]
      }
   ]
]